Issue_Category,Chat,Email,Web Form
Account,0.3589557650471356,0.4008810572687225,0.3522388059701492
Billing,1.0554259043173861,1.0412679425837321,0.9806060606060606
Fraud,-0.2594752186588921,-0.17280453257790368,-0.10465116279069768
General Inquiry,-0.2534562211981567,-0.3103975535168196,-0.24714828897338403
Technical,0.11304347826086956,0.07292197858235594,0.13336663336663337
