signal,mean_severity_in_mismatches,mean_severity_overall,lift
satisfaction_severity,0.9740161069746239,0.61445,0.3595661069746239
resolution_severity,1.806716304512992,1.51185,0.294866304512992
category_severity,1.68485032669807,1.45545,0.2294003266980702
rule_severity,1.4526667679683938,1.27815,0.17451676796839388
